scene_id,start_datetime,end_datetime,platform,orbit_state,relative_orbit,absolute_orbit,mode,polarizations,product_type,split
S1A_IW_GRDH_1SDV_20241021T093228_20241021T093253_056199_06E12A_9511_COG,2024-10-21T09:32:28.328976Z,2024-10-21T09:32:53.767546Z,sentinel-1a,ascending,127,56199,IW,VV+VH,IW_GRDH_1S,train
S1A_IW_GRDH_1SDV_20241102T093228_20241102T093253_056374_06E81C_1AF1_COG,2024-11-02T09:32:28.214592Z,2024-11-02T09:32:53.647377Z,sentinel-1a,ascending,127,56374,IW,VV+VH,IW_GRDH_1S,train
S1A_IW_GRDH_1SDV_20241114T093227_20241114T093253_056549_06EF10_4745_COG,2024-11-14T09:32:27.753958Z,2024-11-14T09:32:53.189788Z,sentinel-1a,ascending,127,56549,IW,VV+VH,IW_GRDH_1S,train
S1A_IW_GRDH_1SDV_20241126T093226_20241126T093252_056724_06F613_FF97_COG,2024-11-26T09:32:26.846467Z,2024-11-26T09:32:52.282396Z,sentinel-1a,ascending,127,56724,IW,VV+VH,IW_GRDH_1S,train
S1A_IW_GRDH_1SDV_20241208T093226_20241208T093251_056899_06FCEF_18C5_COG,2024-12-08T09:32:26.002516Z,2024-12-08T09:32:51.435559Z,sentinel-1a,ascending,127,56899,IW,VV+VH,IW_GRDH_1S,train
S1A_IW_GRDH_1SDV_20241220T093224_20241220T093250_057074_0703F1_B845_COG,2024-12-20T09:32:24.699214Z,2024-12-20T09:32:50.136799Z,sentinel-1a,ascending,127,57074,IW,VV+VH,IW_GRDH_1S,train
S1A_IW_GRDH_1SDV_20250101T093223_20250101T093249_057249_070AD8_5A92_COG,2025-01-01T09:32:23.762365Z,2025-01-01T09:32:49.202930Z,sentinel-1a,ascending,127,57249,IW,VV+VH,IW_GRDH_1S,train
S1A_IW_GRDH_1SDV_20250113T093157_20250113T093226_057424_0711C2_3FBB_COG,2025-01-13T09:31:57.726524Z,2025-01-13T09:32:26.094223Z,sentinel-1a,ascending,127,57424,IW,VV+VH,IW_GRDH_1S,train
S1A_IW_GRDH_1SDV_20250125T093221_20250125T093247_057599_0718B6_D48F_COG,2025-01-25T09:32:21.979562Z,2025-01-25T09:32:47.412642Z,sentinel-1a,ascending,127,57599,IW,VV+VH,IW_GRDH_1S,train
S1A_IW_GRDH_1SDV_20250206T093221_20250206T093246_057774_071FA4_7318_COG,2025-02-06T09:32:21.516917Z,2025-02-06T09:32:46.957377Z,sentinel-1a,ascending,127,57774,IW,VV+VH,IW_GRDH_1S,train
S1A_IW_GRDH_1SDV_20250218T093220_20250218T093246_057949_0726AE_964D_COG,2025-02-18T09:32:20.816509Z,2025-02-18T09:32:46.252389Z,sentinel-1a,ascending,127,57949,IW,VV+VH,IW_GRDH_1S,train
S1A_IW_GRDH_1SDV_20250302T093220_20250302T093246_058124_072DD3_CFCF_COG,2025-03-02T09:32:20.849431Z,2025-03-02T09:32:46.288277Z,sentinel-1a,ascending,127,58124,IW,VV+VH,IW_GRDH_1S,train
S1A_IW_GRDH_1SDV_20250314T093220_20250314T093246_058299_0734E5_A0F6_COG,2025-03-14T09:32:20.984392Z,2025-03-14T09:32:46.418695Z,sentinel-1a,ascending,127,58299,IW,VV+VH,IW_GRDH_1S,train
S1A_IW_GRDH_1SDV_20250326T093220_20250326T093246_058474_073BC6_D8A1_COG,2025-03-26T09:32:20.775117Z,2025-03-26T09:32:46.205047Z,sentinel-1a,ascending,127,58474,IW,VV+VH,IW_GRDH_1S,train
S1A_IW_GRDH_1SDV_20250407T093221_20250407T093247_058649_0742EE_AF36_COG,2025-04-07T09:32:21.575997Z,2025-04-07T09:32:47.004358Z,sentinel-1a,ascending,127,58649,IW,VV+VH,IW_GRDH_1S,train
S1C_IW_GRDH_1SDV_20250413T213111_20250413T213136_001880_003981_805F_COG,2025-04-13T21:31:11.046550Z,2025-04-13T21:31:36.045688Z,sentinel-1c,descending,134,1880,IW,VV+VH,IW_GRDH_1S,train
S1A_IW_GRDH_1SDV_20250419T093221_20250419T093246_058824_074A15_7D79_COG,2025-04-19T09:32:21.557173Z,2025-04-19T09:32:46.983738Z,sentinel-1a,ascending,127,58824,IW,VV+VH,IW_GRDH_1S,train
S1C_IW_GRDH_1SDV_20250425T213111_20250425T213136_002055_0043E7_629C_COG,2025-04-25T21:31:11.617860Z,2025-04-25T21:31:36.617160Z,sentinel-1c,descending,134,2055,IW,VV+VH,IW_GRDH_1S,train
S1A_IW_GRDH_1SDV_20250501T093222_20250501T093247_058999_075136_001B_COG,2025-05-01T09:32:22.173645Z,2025-05-01T09:32:47.592987Z,sentinel-1a,ascending,127,58999,IW,VV+VH,IW_GRDH_1S,train
S1A_IW_GRDH_1SDV_20250513T093221_20250513T093246_059174_0757AF_5B30_COG,2025-05-13T09:32:21.513259Z,2025-05-13T09:32:46.939863Z,sentinel-1a,ascending,127,59174,IW,VV+VH,IW_GRDH_1S,train
S1A_IW_GRDH_1SDV_20250525T093221_20250525T093246_059349_075DBC_C73C_COG,2025-05-25T09:32:21.034452Z,2025-05-25T09:32:46.465566Z,sentinel-1a,ascending,127,59349,IW,VV+VH,IW_GRDH_1S,train
S1A_IW_GRDH_1SDV_20250618T093219_20250618T093245_059699_0769C4_9B9C_COG,2025-06-18T09:32:19.616871Z,2025-06-18T09:32:45.045050Z,sentinel-1a,ascending,127,59699,IW,VV+VH,IW_GRDH_1S,train
S1A_IW_GRDH_1SDV_20250630T093219_20250630T093244_059874_076FDD_B824_COG,2025-06-30T09:32:19.206124Z,2025-06-30T09:32:44.635863Z,sentinel-1a,ascending,127,59874,IW,VV+VH,IW_GRDH_1S,train
S1C_IW_GRDH_1SDV_20250718T213133_20250718T213202_003280_0069E2_18BF_COG,2025-07-18T21:31:33.231275Z,2025-07-18T21:32:02.525264Z,sentinel-1c,descending,134,3280,IW,VV+VH,IW_GRDH_1S,train
S1A_IW_GRDH_1SDV_20250724T093218_20250724T093243_060224_077BED_BF20_COG,2025-07-24T09:32:18.023173Z,2025-07-24T09:32:43.021836Z,sentinel-1a,ascending,127,60224,IW,VV+VH,IW_GRDH_1S,train
S1A_IW_GRDH_1SDV_20250805T093217_20250805T093243_060399_0781EE_4579_COG,2025-08-05T09:32:17.853371Z,2025-08-05T09:32:43.281537Z,sentinel-1a,ascending,127,60399,IW,VV+VH,IW_GRDH_1S,train
S1A_IW_GRDH_1SDV_20250805T213227_20250805T213256_060406_078227_9072_COG,2025-08-05T21:32:27.332561Z,2025-08-05T21:32:56.362144Z,sentinel-1a,descending,134,60406,IW,VV+VH,IW_GRDH_1S,train
S1C_IW_GRDH_1SDV_20250811T093101_20250811T093126_003623_007405_9F4F_COG,2025-08-11T09:31:01.462636Z,2025-08-11T09:31:26.460046Z,sentinel-1c,ascending,127,3623,IW,VV+VH,IW_GRDH_1S,train
S1C_IW_GRDH_1SDV_20250811T213120_20250811T213150_003630_00743C_839C_COG,2025-08-11T21:31:20.874366Z,2025-08-11T21:31:50.164208Z,sentinel-1c,descending,134,3630,IW,VV+VH,IW_GRDH_1S,train
S1A_IW_GRDH_1SDV_20250817T093217_20250817T093243_060574_0788C1_8F3F_COG,2025-08-17T09:32:17.827370Z,2025-08-17T09:32:43.251056Z,sentinel-1a,ascending,127,60574,IW,VV+VH,IW_GRDH_1S,train
S1C_IW_GRDH_1SDV_20250823T213119_20250823T213144_003805_00797B_E8FF_COG,2025-08-23T21:31:19.452058Z,2025-08-23T21:31:44.450339Z,sentinel-1c,descending,134,3805,IW,VV+VH,IW_GRDH_1S,train
S1A_IW_GRDH_1SDV_20250829T093217_20250829T093243_060749_078FA5_4A51_COG,2025-08-29T09:32:17.949953Z,2025-08-29T09:32:43.372157Z,sentinel-1a,ascending,127,60749,IW,VV+VH,IW_GRDH_1S,train
S1A_IW_GRDH_1SDV_20250910T093218_20250910T093243_060924_07969E_F3A6_COG,2025-09-10T09:32:18.471327Z,2025-09-10T09:32:43.887577Z,sentinel-1a,ascending,127,60924,IW,VV+VH,IW_GRDH_1S,train
S1A_IW_GRDH_1SDV_20250922T093218_20250922T093244_061099_079DA2_4610_COG,2025-09-22T09:32:18.642778Z,2025-09-22T09:32:44.065107Z,sentinel-1a,ascending,127,61099,IW,VV+VH,IW_GRDH_1S,train
S1A_IW_GRDH_1SDV_20251004T093218_20251004T093243_061274_07A4B4_79AE_COG,2025-10-04T09:32:18.553887Z,2025-10-04T09:32:43.983768Z,sentinel-1a,ascending,127,61274,IW,VV+VH,IW_GRDH_1S,train
S1A_IW_GRDH_1SDV_20251016T093218_20251016T093244_061449_07ABBD_085D_COG,2025-10-16T09:32:18.884193Z,2025-10-16T09:32:44.314050Z,sentinel-1a,ascending,127,61449,IW,VV+VH,IW_GRDH_1S,train
S1A_IW_GRDH_1SDV_20251028T093218_20251028T093243_061624_07B2C4_8663_COG,2025-10-28T09:32:18.523555Z,2025-10-28T09:32:43.959374Z,sentinel-1a,ascending,127,61624,IW,VV+VH,IW_GRDH_1S,train
S1A_IW_GRDH_1SDV_20251109T093218_20251109T093243_061799_07B99C_6CA4_COG,2025-11-09T09:32:18.014521Z,2025-11-09T09:32:43.438370Z,sentinel-1a,ascending,127,61799,IW,VV+VH,IW_GRDH_1S,train
S1A_IW_GRDH_1SDV_20251121T093217_20251121T093243_061974_07C06A_3C5F_COG,2025-11-21T09:32:17.660811Z,2025-11-21T09:32:43.086258Z,sentinel-1a,ascending,127,61974,IW,VV+VH,IW_GRDH_1S,train
S1A_IW_GRDH_1SDV_20251203T093216_20251203T093241_062149_07C73E_C864_COG,2025-12-03T09:32:16.349253Z,2025-12-03T09:32:41.773249Z,sentinel-1a,ascending,127,62149,IW,VV+VH,IW_GRDH_1S,train
S1A_IW_GRDH_1SDV_20251215T093215_20251215T093240_062324_07CE16_23DD_COG,2025-12-15T09:32:15.284561Z,2025-12-15T09:32:40.719147Z,sentinel-1a,ascending,127,62324,IW,VV+VH,IW_GRDH_1S,train
S1A_IW_GRDH_1SDV_20251227T093213_20251227T093239_062499_07D4E3_CEFB_COG,2025-12-27T09:32:13.820696Z,2025-12-27T09:32:39.258290Z,sentinel-1a,ascending,127,62499,IW,VV+VH,IW_GRDH_1S,train
S1A_IW_GRDH_1SDV_20260108T093212_20260108T093238_062674_07DBA1_02A0_COG,2026-01-08T09:32:12.611019Z,2026-01-08T09:32:38.027662Z,sentinel-1a,ascending,127,62674,IW,VV+VH,IW_GRDH_1S,train
S1A_IW_GRDH_1SDV_20260120T093211_20260120T093236_062849_07E262_60D1_COG,2026-01-20T09:32:11.496101Z,2026-01-20T09:32:36.915616Z,sentinel-1a,ascending,127,62849,IW,VV+VH,IW_GRDH_1S,train
S1A_IW_GRDH_1SDV_20260213T093210_20260213T093235_063199_07EF20_5E06_COG,2026-02-13T09:32:10.307550Z,2026-02-13T09:32:35.732957Z,sentinel-1a,ascending,127,63199,IW,VV+VH,IW_GRDH_1S,train
S1A_IW_GRDH_1SDV_20260225T093210_20260225T093235_063374_07F5C7_666B_COG,2026-02-25T09:32:10.026962Z,2026-02-25T09:32:35.465805Z,sentinel-1a,ascending,127,63374,IW,VV+VH,IW_GRDH_1S,train
S1C_IW_GRDH_1SDV_20260308T213936_20260308T214001_006678_00D7B3_4754_COG,2026-03-08T21:39:36.768929Z,2026-03-08T21:40:01.766500Z,sentinel-1c,descending,32,6678,IW,VV+VH,IW_GRDH_1S,train
S1A_IW_GRDH_1SDV_20260309T093210_20260309T093235_063549_07FC6D_CA92_COG,2026-03-09T09:32:10.043089Z,2026-03-09T09:32:35.457983Z,sentinel-1a,ascending,127,63549,IW,VV+VH,IW_GRDH_1S,train
S1C_IW_GRDH_1SDV_20260320T213936_20260320T214001_006853_00DDB9_5BD2_COG,2026-03-20T21:39:36.809824Z,2026-03-20T21:40:01.808813Z,sentinel-1c,descending,32,6853,IW,VV+VH,IW_GRDH_1S,train
S1A_IW_GRDH_1SDV_20260321T093210_20260321T093235_063724_0802F3_846E_COG,2026-03-21T09:32:10.014726Z,2026-03-21T09:32:35.422127Z,sentinel-1a,ascending,127,63724,IW,VV+VH,IW_GRDH_1S,train
S1C_IW_GRDH_1SDV_20260401T213937_20260401T214002_007028_00E3B5_16A3_COG,2026-04-01T21:39:37.204530Z,2026-04-01T21:40:02.203464Z,sentinel-1c,descending,32,7028,IW,VV+VH,IW_GRDH_1S,train
S1A_IW_GRDH_1SDV_20260402T093209_20260402T093235_063899_08097B_5F98_COG,2026-04-02T09:32:09.964421Z,2026-04-02T09:32:35.365824Z,sentinel-1a,ascending,127,63899,IW,VV+VH,IW_GRDH_1S,train
S1C_IW_GRDH_1SDV_20260413T213937_20260413T214002_007203_00E98E_E2D0_COG,2026-04-13T21:39:37.807143Z,2026-04-13T21:40:02.806624Z,sentinel-1c,descending,32,7203,IW,VV+VH,IW_GRDH_1S,train
S1A_IW_GRDH_1SDV_20260414T093210_20260414T093235_064074_08100E_3498_COG,2026-04-14T09:32:10.165237Z,2026-04-14T09:32:35.577070Z,sentinel-1a,ascending,127,64074,IW,VV+VH,IW_GRDH_1S,train
S1A_IW_GRDH_1SDV_20260426T093210_20260426T093235_064249_081694_C098_COG,2026-04-26T09:32:10.219962Z,2026-04-26T09:32:35.646577Z,sentinel-1a,ascending,127,64249,IW,VV+VH,IW_GRDH_1S,train
S1D_IW_GRDH_1SDV_20260503T213128_20260503T213153_002625_004610_FFD6_COG,2026-05-03T21:31:28.018986Z,2026-05-03T21:31:53.017235Z,sentinel-1d,descending,134,2625,IW,VV+VH,IW_GRDH_1S,val
S1C_IW_GRDH_1SDV_20260507T213939_20260507T214004_007553_00F569_0932_COG,2026-05-07T21:39:39.175782Z,2026-05-07T21:40:04.173908Z,sentinel-1c,descending,32,7553,IW,VV+VH,IW_GRDH_1S,val
S1D_IW_GRDH_1SDV_20260508T213949_20260508T214014_002698_004883_6C97_COG,2026-05-08T21:39:49.078895Z,2026-05-08T21:40:14.077827Z,sentinel-1d,descending,32,2698,IW,VV+VH,IW_GRDH_1S,val
S1C_IW_GRDH_1SDV_20260519T213940_20260519T214005_007728_00FB4A_276C_COG,2026-05-19T21:39:40.066996Z,2026-05-19T21:40:05.065066Z,sentinel-1c,descending,32,7728,IW,VV+VH,IW_GRDH_1S,val
S1D_IW_GRDH_1SDV_20260520T213949_20260520T214014_002873_004E63_58E3_COG,2026-05-20T21:39:49.934824Z,2026-05-20T21:40:14.933731Z,sentinel-1d,descending,32,2873,IW,VV+VH,IW_GRDH_1S,val
S1C_IW_GRDH_1SDV_20260531T213940_20260531T214005_007903_010126_BACD_COG,2026-05-31T21:39:40.601561Z,2026-05-31T21:40:05.599674Z,sentinel-1c,descending,32,7903,IW,VV+VH,IW_GRDH_1S,val
S1D_IW_GRDH_1SDV_20260613T213951_20260613T214016_003223_0059FE_7218_COG,2026-06-13T21:39:51.456393Z,2026-06-13T21:40:16.455334Z,sentinel-1d,descending,32,3223,IW,VV+VH,IW_GRDH_1S,val
S1C_IW_GRDH_1SDV_20260626T213118_20260626T213143_008282_010615_3A16_COG,2026-06-26T21:31:18.420037Z,2026-06-26T21:31:43.418358Z,sentinel-1c,descending,134,8282,IW,VV+VH,IW_GRDH_1S,val
S1C_IW_GRDH_1SDV_20260701T213939_20260701T214004_008355_01088E_EC8B_COG,2026-07-01T21:39:39.486078Z,2026-07-01T21:40:04.485733Z,sentinel-1c,descending,32,8355,IW,VV+VH,IW_GRDH_1S,val
S1D_IW_GRDH_1SDV_20260702T093102_20260702T093130_003493_0062D7_5469_COG,2026-07-02T09:31:02.303782Z,2026-07-02T09:31:30.394383Z,sentinel-1d,ascending,127,3493,IW,VV+VH,IW_GRDH_1S,val
S1C_IW_GRDH_1SDV_20260713T213940_20260713T214005_008530_010E39_3C22_COG,2026-07-13T21:39:40.246421Z,2026-07-13T21:40:05.244512Z,sentinel-1c,descending,32,8530,IW,VV+VH,IW_GRDH_1S,val
S1D_IW_GRDH_1SDV_20260714T093103_20260714T093131_003668_0068CE_FE43_COG,2026-07-14T09:31:03.090723Z,2026-07-14T09:31:31.181374Z,sentinel-1d,ascending,127,3668,IW,VV+VH,IW_GRDH_1S,val
S1D_IW_GRDH_1SDV_20260714T213131_20260714T213201_003675_006910_8EF1_COG,2026-07-14T21:31:31.845475Z,2026-07-14T21:32:01.138669Z,sentinel-1d,descending,134,3675,IW,VV+VH,IW_GRDH_1S,test
S1C_IW_GRDH_1SDV_20260720T213119_20260720T213144_008632_01119F_DD29_COG,2026-07-20T21:31:19.821230Z,2026-07-20T21:31:44.819461Z,sentinel-1c,descending,134,8632,IW,VV+VH,IW_GRDH_1S,test
S1C_IW_GRDH_1SDV_20260725T213940_20260725T214005_008705_011405_BE24_COG,2026-07-25T21:39:40.848792Z,2026-07-25T21:40:05.846933Z,sentinel-1c,descending,32,8705,IW,VV+VH,IW_GRDH_1S,test
S1C_IW_GRDH_1SDV_20260806T213941_20260806T214006_008880_0119DE_D2A0_COG,2026-08-06T21:39:41.406484Z,2026-08-06T21:40:06.404602Z,sentinel-1c,descending,32,8880,IW,VV+VH,IW_GRDH_1S,test
S1D_IW_GRDH_1SDV_20260807T093129_20260807T093154_004018_0074E6_BDA2_COG,2026-08-07T09:31:29.270877Z,2026-08-07T09:31:54.428221Z,sentinel-1d,ascending,127,4018,IW,VV+VH,IW_GRDH_1S,test
S1C_IW_GRDH_1SDV_20260813T213121_20260813T213146_008982_011D2F_5ACA_COG,2026-08-13T21:31:21.334999Z,2026-08-13T21:31:46.333228Z,sentinel-1c,descending,134,8982,IW,VV+VH,IW_GRDH_1S,test
S1C_IW_GRDH_1SDV_20260825T213139_20260825T213204_009157_012300_4918_COG,2026-08-25T21:31:39.328508Z,2026-08-25T21:32:04.326917Z,sentinel-1c,descending,134,9157,IW,VV+VH,IW_GRDH_1S,test
S1C_IW_GRDH_1SDV_20260906T213122_20260906T213147_009332_0128EC_129E_COG,2026-09-06T21:31:22.328594Z,2026-09-06T21:31:47.326901Z,sentinel-1c,descending,134,9332,IW,VV+VH,IW_GRDH_1S,test
S1C_IW_GRDH_1SDV_20260918T213122_20260918T213147_009507_012EAE_974D_COG,2026-09-18T21:31:22.325995Z,2026-09-18T21:31:47.325753Z,sentinel-1c,descending,134,9507,IW,VV+VH,IW_GRDH_1S,test
S1D_IW_GRDH_1SDV_20260924T093131_20260924T093156_004718_008D35_E6AA_COG,2026-09-24T09:31:31.121265Z,2026-09-24T09:31:56.283312Z,sentinel-1d,ascending,127,4718,IW,VV+VH,IW_GRDH_1S,test
S1C_IW_GRDH_1SDV_20260930T213122_20260930T213147_009682_013472_E5A8_COG,2026-09-30T21:31:22.675356Z,2026-09-30T21:31:47.673669Z,sentinel-1c,descending,134,9682,IW,VV+VH,IW_GRDH_1S,test
